店舗名,電話番号,メールアドレス,都道府県,市区町村,番地,建物名,URL,SSL
大衆酒場 大三元 福島店,050-5489-2105,,大阪府,大阪市,福島区福島7-5-7,,https://kcsr806.gorp.jp/,False
海山邸 肉割烹 燎（かがりび）,050-5486-2508,,福岡県,福岡市,博多区博多駅東2-3-29,,https://fc2n903.gorp.jp/,False
蓬渓閣 田町店,03-3456-6611,,東京都,港区,芝浦3-11-10,,https://gj87001.gorp.jp/,False
ワイン食堂リコロソ,050-5486-3625,,福岡県,福岡市,博多区博多駅東2-17-5,,https://fc2n904.gorp.jp/,False
【個室完備】居酒屋 鮮魚 牛タン もてなし屋 品川店,03-6831-9620,,東京都,港区,港南2-4-18,,https://ge6a133.gorp.jp/,False
愛酒場 らっきー ‐LUCKY‐,050-5488-5264,,福岡県,久留米市,通町105-1,,https://fbp6003.gorp.jp/,False
昭和バー セピア,050-5485-9377,,福岡県,福岡市,博多区博多駅東2-3-29,,https://fc2n902.gorp.jp/,False
個室居酒屋 ミート渦潮 上野店,050-5489-2100,,東京都,台東区,上野4-8-6,,https://ge6a135.gorp.jp/,False
全席完全個室居酒屋 京の里久 赤坂見附店,050-5489-2099,,東京都,港区,赤坂3-10-17,,https://gjjy502.gorp.jp/,False
和牛焼肉岩崎 上野店,050-5485-9599,,東京都,台東区,上野2-8-2,,https://gjfd602.gorp.jp/,False
ニーケ,050-5485-3695,,東京都,中央区,銀座1-19-8,,https://gjp5800.gorp.jp/,False
牛タンと土鍋御飯 個室完備居酒屋 京の里久 品川店,050-5489-2098,,東京都,港区,港南2-4-18,,https://ge6a134.gorp.jp/,False
個室完備 居酒屋 牛たんと炊き立て釜飯 権兵衛 町田店,050-5486-9439,,東京都,町田市,原町田6-10-10,,https://gj13706.gorp.jp/,False
彩食茶の間 Coo 沼津店,050-5492-0318,,静岡県,沼津市,新宿町1-18,,http://zen-inc.jp/,False
和牛炭火焼肉 牛仙 元住吉店,050-5489-2095,,神奈川県,川崎市,中原区木月1-33-20,,https://gjpp800.gorp.jp/,False
BEEF KITCHEN STAND アパホテル上野店,050-5492-0259,,東京都,台東区,上野6-7-21,,https://e078321.gorp.jp/,False
鉄板くり,050-5492-0308,,広島県,広島市,中区銀山町11-12,,https://ya7y200.gorp.jp/,False
Bar くろねこ,050-5487-7362,,福島県,福島市,置賜町4-29,,https://ta9j200.gorp.jp/,False
とり9 蒔田店,045-315-6115,,神奈川県,横浜市,南区宮元町1-23-6,,https://gjpb901.gorp.jp/,False
個室＆貸切ラウンジ ワットフォード 新宿店,050-5485-3840,,東京都,新宿区,歌舞伎町1-12-2,,https://gh7x903.gorp.jp/,False
全席個室 楽蔵‐RAKUZO‐あべのごちそうビル店,050-2018-8997,,大阪府,大阪市,阿倍野区阿倍野筋1-1-61,,http://rakuzo.dkdining.com/tennojiabeno/,False
個室中華×香港飲茶 望水楼 上野店,050-5485-7972,,東京都,台東区,上野2-14-30,,https://gjd7900.gorp.jp/,False
いいとこ鶏 大宮店,050-5484-4705,,埼玉県,さいたま市,大宮区大門町1-12-2,,https://e335702.gorp.jp/,False
【NEWOPEN】海鮮＆日本酒個室居酒屋 六雁 上野店,050-5494-2711,,東京都,台東区,上野4-8-9,,https://gjcu703.gorp.jp/,False
串焼きと野菜巻きの個室居酒屋 串匠 渋谷店,050-5487-3590,,東京都,渋谷区,道玄坂1-11-3,,https://gcd1126.gorp.jp/,False
魚河岸商店 新橋駅前店,050-5492-3319,,東京都,港区,新橋3-26-3,,https://gjkp501.gorp.jp/,False
Neo和Dining MiRAI,050-5488-1420,,愛知県,名古屋市,中区栄2-1-16,,https://nc9h400.gorp.jp/,False
全席個室 じぶんどき 横浜店,050-2018-8878,,神奈川県,横浜市,西区南幸2-17-1,,https://jibundoki.dkdining.com/yokohama/,False
完全個室 大山地鶏専門店 初代鳥蔵 海浜幕張,050-5489-4886,,千葉県,千葉市,美浜区ひび野1-9,,https://gh2x900.gorp.jp/,False
人気条件・こだわりからお店を探す,,,北海道,・東北北海道北海道北海道全て札幌駅札幌大通・狸小路札幌青森県青森県青森県全て秋田県秋田県秋田県全て山形県山形県山形県全て岩手県岩手県岩手県全て宮城県宮城県宮城県全て仙台福島県福島県福島県全て福島市,関東東京都東京都東京都全て銀座有楽町・日比谷新橋虎ノ門浜松町・大門田町・三田赤坂六本木飯田橋神楽坂市ヶ谷新宿高田馬場渋谷原宿池袋丸の内東京駅（八重洲）日本橋上野御徒町浅草神田秋葉原御茶ノ水神保町水道橋品川五反田大崎恵比寿中野錦糸町・住吉人形町・小伝馬町八丁堀門前仲町赤羽大井町蒲田府中町田立川神奈川県神奈川県神奈川県全て溝の口横浜駅みなとみらい桜木町関内・馬車道横浜中華街川崎鶴見武蔵小杉・元住吉新横浜上大岡・弘明寺大船藤沢辻堂橋本・相模原・古淵本厚木・厚木小田原・南足柄千葉県千葉県千葉県全て柏木更津千葉駅海浜幕張本八幡船橋埼玉県埼玉県埼玉県全て朝霞川越所沢大宮草加熊谷浦和群馬県群馬県群馬県全て高崎栃木県栃木県栃木県全て小山宇都宮茨城県茨城県茨城県全て守谷つくば水戸北陸新潟県新潟県新潟県全て新潟市中央区石川県石川県石川県全て金沢福井県福井県福井県全て富山県富山県富山県全て中部愛知県愛知県愛知県全て名駅大曽根一宮金山岡崎刈谷豊橋栄豊田三重県三重県三重県全て四日市岐阜県岐阜県岐阜県全て静岡県静岡県静岡県全て山梨県山梨県山梨県全て長野県長野県長野県全て関西大阪府大阪府大阪府全て茶屋町・中崎町梅田大阪駅北新地東通り・堂山東梅田・お初天神・太融寺淀屋橋本町・堺筋本町八尾なんば（難波）（大阪）京橋天王寺・阿倍野新大阪駅江坂心斎橋松原・藤井寺・河内長野京都府京都府京都府全て四条烏丸寺町木屋町・先斗町京都駅兵庫県兵庫県兵庫県全て三宮姫路滋賀県滋賀県滋賀県全て草津近江八幡奈良県奈良県奈良県全て橿原奈良市和歌山県和歌山県和歌山県全て和歌山市中国広島県広島県広島県全て広島市岡山県岡山県岡山県全て岡山市倉敷山口県山口県山口県全て島根県島根県島根県全て鳥取県鳥取県鳥取県全て四国徳島県徳島県徳島県全て香川県香川県香川県全て高松愛媛県愛媛県愛媛県全て松山高知県高知県高知県全て九州・沖縄福岡県福岡県福岡県全て天神薬院小倉北区中洲西中洲博多佐賀県佐賀県佐賀県全て佐賀市長崎県長崎県長崎県全て熊本県熊本県熊本県全て熊本市大分県大分県大分県全て宮崎県宮崎県宮崎県全て鹿児島県鹿児島県鹿児島県全て鹿児島市沖縄県沖縄県沖縄県全て那覇お役立ちコラム【飲み会が苦手なあなたに贈る】飲み会を乗り切る5,,,False
エリアからお店を探す,,,青森県,青森県青森県全て青森市,弘前黒石・平川五所川原・中泊十和田七戸・東北町三沢三戸・五戸・おいらせ八戸つがる・鰺ヶ沢・深浦むつ市・大間・野辺地秋田県秋田県秋田県全て秋田市男鹿・大潟・五城目由利本荘・にかほ北秋田・大館・鹿角仙北・大仙湯沢・羽後能代・八峰・藤里横手山形県山形県山形県全て山形市米沢・高畠・南陽白鷹・長井・小国上山鶴岡・庄内寒河江・大江・朝日町天童・東根・尾花沢新庄・最上酒田・遊佐岩手県岩手県岩手県全て盛岡二戸八幡平・滝沢・紫波奥州・金ケ崎一関・平泉花巻遠野北上・西和賀洋野・久慈・普代岩泉・宮古・山田釜石・大槌大船渡・陸前高田・住田宮城県宮城県宮城県全て仙台青葉区郊外泉区・泉中央・富谷長町・太白区宮城野区・若林区松島・利府塩釜・多賀城名取・沿岸南部石巻大崎・古川・登米白石・蔵王気仙沼・南三陸福島県福島県福島県全て福島市二本松・本宮伊達・桑折・川俣いわき浪江・大熊・広野相馬・南相馬猪苗代・北塩原喜多方下郷・南会津・只見会津若松郡山白河・矢吹田村・小野・三春須賀川・天栄古殿・石川町・玉川村関東東京都東京都東京都全て銀座有楽町・日比谷新橋虎ノ門浜松町・大門田町・三田赤坂六本木飯田橋神楽坂市ヶ谷新宿高田馬場渋谷原宿池袋丸の内東京駅（八重洲）日本橋上野御徒町浅草神田秋葉原御茶ノ水神保町水道橋品川五反田大崎恵比寿中野錦糸町・住吉人形町・小伝馬町八丁堀門前仲町赤羽大井町蒲田府中町田立川東京都の全エリアを見る銀座・有楽町・築地新橋・浜松町・田町新宿・代々木大久保・高田馬場渋谷・原宿・青山池袋・巣鴨・駒込東京駅・丸の内・日本橋赤坂・六本木・麻布上野・浅草・日暮里神田・秋葉原・水道橋飯田橋・四ツ谷・神楽坂品川・五反田・大崎お台場・豊洲・湾岸恵比寿・中目黒・目黒自由が丘・三軒茶屋・二子玉川下北沢・明大前・成城学園前中野・吉祥寺・三鷹練馬・江古田・田無錦糸町・押上・新小岩人形町・門前仲町・葛西北千住・綾瀬・亀有板橋・成増・赤羽大井町・大森・蒲田府中・調布町田・多摩小金井・国分寺・国立立川・八王子・青梅伊豆諸島・小笠原諸島神奈川県神奈川県神奈川県全て溝の口横浜駅みなとみらい桜木町関内・馬車道横浜中華街川崎鶴見武蔵小杉・元住吉新横浜上大岡・弘明寺大船藤沢辻堂橋本・相模原・古淵本厚木・厚木小田原・南足柄神奈川県の全エリアを見る横浜・東神奈川みなとみらい・関内・中華街川崎・鶴見武蔵小杉・日吉・綱島新横浜・センター南・鴨居上大岡・金沢文庫・新杉田横須賀・久里浜・三浦半島戸塚・東戸塚鎌倉・大船・逗子溝の口・たまプラーザ・青葉台藤沢・茅ヶ崎・平塚本厚木・海老名大和・中央林間・二俣川相模大野・橋本・相模湖登戸・向ヶ丘遊園・新百合ヶ丘伊勢原・秦野・渋沢小田原・箱根・湯河原千葉県千葉県千葉県全て千葉駅・蘇我幕張都賀・鎌取海浜幕張行徳・原木市川浦安南船橋・新習志野船橋・西船橋津田沼柏松戸野田我孫子鎌ヶ谷白井・印西八千代・佐倉・四街道木更津茂原東金・九十九里成田・佐原稲毛本八幡北習志野舞浜流山市原館山鴨川勝浦銚子埼玉県埼玉県埼玉県全て大宮さいたま新都心・与野さいたま市北部浦和川口・東川口朝霞上尾・蓮田草加三郷・八潮春日部所沢川越狭山熊谷・行田桶川・鴻巣久喜・加須東松山・鶴ヶ島飯能・日高秩父・長瀞戸田・戸田公園蕨岩槻ふじみ野・上福岡和光市志木坂戸入間本庄・深谷越谷群馬県群馬県群馬県全て草津東吾妻・中之条・高山嬬恋・長野原沼田・みなかみ・片品安中藤岡・玉村下仁田・上野村・神流町富岡高崎伊勢崎桐生・みどり市館林・大泉・明 和渋川・伊香保前橋太田栃木県栃木県栃木県全て小山・下野真岡益子・市貝・芳賀鹿沼さくら市・高根沢那須烏山・那珂川日光黒磯那須町・那須高原大田原矢板・塩谷宇都宮佐野足利栃木市・壬生那須塩原・塩原温泉鬼怒川茨城県茨城県茨城県全て日立高萩・北茨城笠間・城里小美玉・茨城町大洗常陸大宮・大子常陸太田石岡・かすみがうら市牛久・龍ケ崎・阿見下妻・坂東・常総水戸鉾田・行方つくば鹿嶋・潮来ひたちなか・勝田那珂・東海村土浦守谷古河筑西・結城・桜川取手北陸新潟県新潟県新潟県全て新潟市江南区・秋葉区・南区新潟市中央区新潟市西区新潟市西蒲区五泉・阿賀野・阿賀燕市・弥彦新潟市東区・北区魚沼十日町・津南南魚沼・湯沢村上・関川妙高糸魚川長岡小千谷三条市・燕三条・加茂見附上越市佐渡新発田・胎内柏崎石川県石川県石川県全てかほく・津幡・内灘野々市加賀・小松七尾・和倉温泉・羽咋輪島・珠洲・穴水白山・松任金沢福井県福井県福井県全て福井市坂井・あわら・永平寺勝山大野南越前・池田町越前市鯖江・越前町敦賀・若狭・美浜小浜富山県富山県富山県全て富山市立山・上市砺波・南砺射水小矢部滑川・魚津黒部・入善・朝日町高岡氷見中部愛知県愛知県愛知県全て名駅中村区（名駅周辺を除く）栄周辺丸の内・市役所（名古屋）伏見新栄・CBC白壁・東区役所金山・東別院大須・上前津・鶴舞熱田区千種・今池・池下覚王山・東山公園星ヶ丘・一社名東区・藤が丘天白区瑞穂区昭和区中川区緑区港区南区守山区北区西区豊田刈谷豊橋一宮小牧長久手・日進津島・あま市大府・東海蒲郡・東三河大曽根岡崎安城西三河江南春日井犬山尾張旭稲沢常滑・知多半島半田三重県三重県三重県全て四日市津亀山尾鷲・大紀・大台熊野・御浜・紀宝松阪伊賀名張明和・玉城伊勢桑名・いなべ鈴鹿鳥羽・志摩岐阜県岐阜県岐阜県全て岐阜市羽島各務原本巣・池田・揖斐川大垣・海津可児・美濃加茂・白川郡上中津川・恵那多治見瑞浪関・美濃飛騨・高山下呂静岡県静岡県静岡県全て伊東下田・東伊豆函南熱海三島沼津富士市藤枝静岡清水掛川浜松市天竜区浜松駅周辺伊豆修善寺伊豆の国西伊豆・南伊豆御殿場裾野富士宮焼津島田菊川袋井磐田浜名湖・湖西御前崎牧之原・吉田川根本町森町浜名・浜北初生・高丘周辺幸・住吉・上島周辺その他浜松市山梨県山梨県山梨県全て河口湖・富士吉田・山中湖甲府甲州・山梨市・笛吹甲斐・韮崎・南アルプス大月・上野原・都留早川・身延・南部町長野県長野県長野県全て信濃・飯綱長野市須坂・小布施千曲・坂城小諸・御代田木曽・大桑・南木曽白馬・大町安曇野・筑北塩尻・山形村松本伊那・箕輪・辰野駒ケ根・飯島・中川飯田・大鹿・根羽岡谷・諏訪・茅野軽井沢飯山・中野・志賀高原上田・東御・長和佐久・小海・川上関西大阪府大阪府大阪府全て梅田梅田駅・大阪駅周辺北新地東通り・堂山東梅田・お初天神・太融寺淀屋橋本町・堺筋本町八尾なんば（難波）（大阪）京橋天王寺・阿倍野新大阪駅江坂心斎橋松原・藤井寺・河内長野大阪府の全エリアを  見る梅田難波・道頓堀心斎橋淀屋橋・本町・北浜天満・天神橋筋・南森町天満橋・谷町四丁目鶴橋・上本町京橋・OBP天王寺・新世界・住吉新大阪・西中島・十三江坂・千里中央・豊中茨木・高槻京阪エリア東大阪・八尾松原・藤井寺・河内長野堺・なかもず岸和田・和泉・泉佐野ユニバーサルシティ・大阪南港・九条京都府京都府京都府全て四条河原町周辺・寺町京都駅七条・丹波口東寺・東福寺吉祥院・鳥羽二条城四条烏丸・烏丸御池西院木屋町・先斗町祇園円山公園・高台寺・清水寺岡崎・平安神宮・南禅寺桂・西京極嵐山銀閣寺・北白川・出町柳大原・鞍馬・貴船伏見・醍醐上賀茂・北山（京都）金閣寺・衣笠向日・長岡京八幡・京田辺舞鶴・宮津・京丹後福知山・綾部亀岡四条大宮京都御所・西陣嵯峨野・太秦宇治山科兵庫県兵庫県兵庫県全て三宮新神戸・北野・異人館神戸元町・トアロード王子・灘住吉須磨垂水神戸市西区メリケンパークポートアイランド宝塚川西尼崎甲子園西宮夙川芦屋三田神戸市北区・有馬温泉加古川姫路明石淡路島三木・小野丹波・城崎南京町・旧居留地神戸六甲御影岡本・本山ハーバーランド伊丹西脇赤穂六甲アイランド滋賀県滋賀県滋賀県全て大津市南部栗東甲賀・湖南東近江・日野高島野洲大津市北部草津・南草津長浜・米原近江八幡彦根・多賀・愛荘守山奈良県奈良県奈良県全て奈良市桜井・宇陀王寺・広陵・香芝曽爾・川上・下北山天理大和高田橿原吉野・ 五條・十津川生駒大和郡山和歌山県和歌山県和歌山県全て和歌山市有田・湯浅・みなべ岩出・紀の川・橋本田辺・白浜・すさみ海南新宮・串本中国広島県広島県広島県全て広島市宮島廿日市市・大竹市西条・東広島呉福山・府中尾道庄原・神石三次・世羅安芸高田・山県郡竹原三原岡山県岡山県岡山県全て岡山市倉敷赤磐・瀬戸内・備前美咲津山井原・笠岡・浅口総社・高梁・吉備中央美作・奈義・勝央新見・真庭山口県山口県山口県全て岩国山口市萩光市・柳井・周防大島下松長門美祢山陽小野田宇部防府周南下関島根県島根県島根県全て松江雲南・飯南・奥出雲安来大田・美郷・邑南津和野・益田・吉賀隠岐浜田・江津出雲鳥取県鳥取県鳥取県全て鳥取市米子境港大山・伯耆・南部日南・日野・江府倉吉・湯梨浜・琴浦八頭・若桜・智頭四国徳島県徳島県徳島県全て徳島市美馬・吉野川・石井三好小松島那賀・勝浦美波・牟岐・海陽阿南鳴門阿波香川県香川県香川県全て高松三豊・観音寺丸亀多度津・善通寺・琴平綾川・まんのう三木・さぬき・東かがわ坂出小豆島・直島愛媛県愛媛県愛媛県全て松山伊予・砥部久万高原・東温西条四国中央八幡浜・大洲・西予今治鬼北宇和島新居浜高知県高知県高知県全て安芸・室戸南国・香南・香美大豊・本山・土佐町仁淀川・越知・佐川梼原・津野・四万十町宿毛高知市土佐・須崎・いの町四万十市・土佐清水九州・沖縄福岡県福岡県福岡県全て天神大名赤坂今泉警固薬院親富孝大濠六本松桜坂・小笹博多中洲西中洲・春吉川端・祇園高宮・野間大橋平尾・清川その他南区百道・藤崎福岡ドーム周辺西新福岡市早良区姪浜・小戸その他西区・糸島香椎箱崎その他東区別府その他城南区小倉北区八幡西区・東区その他北九州市大野城・春日久留米筑豊・糟屋郡小倉南区太宰府・二日市柳川大牟田宗像佐賀県佐賀県佐賀県全て多久・小城嬉野・鹿島・太良伊万里・有田武雄白石・大町・江北町佐賀市鳥栖・みやき・神埼唐津・呼子・玄海長崎県長崎県長崎県全て長崎市西海時津・長与雲仙島原・南島原諫早波佐見・川棚平戸・松浦対馬大村佐世保五島壱岐熊本県熊本県熊本県全て熊本市山鹿・大津・菊陽西原・益城・御船水俣・芦北・津奈木荒尾・玉名・長洲小国・阿蘇・南阿蘇宇土・宇城・美里人吉・球磨・錦町上天草・天草・苓北大分県大分県大分県全て大分市杵築臼 杵・津久見豊後大野竹田別府佐伯日田玖珠・九重中津宇佐豊後高田・国東湯布院宮崎県宮崎県宮崎県全て宮崎市日南・串間延岡五ヶ瀬・高千穂・日之影美郷・椎葉・西米良小林・えびの・高原町日向・門川高鍋・西都・都農都城・三股鹿児島県鹿児島県鹿児島県全て鹿児島市指宿・南九州いちき串木野・日置枕崎・南さつま霧島・湧水阿久根・出水・伊佐志布志・曽於・大崎徳之島・沖永良部・与論鹿屋・垂水肝付・錦江・南大隅種子島屋久島奄美大島さつま・薩摩川内・姶良沖縄県沖縄県沖縄県全て那覇糸満・豊見城南風原・南城市・八重瀬宜野湾・北中城・中城恩納村・読谷・北谷沖縄市・うるま市名護・宜野座本部・今帰仁国頭・大宜味伊江島・伊是名・伊平屋久米島・慶良間諸島宮古島・伊良部島・多良間島石垣島・西表島・与那国島大東島浦添お役立ちコラム豊後水道で獲れた鮮魚や宮崎の地頭鶏など…。大分駅前の「かんてきや」で九州を代表する美味を味わい尽くしてきた！スマートなリマインドメール術で、デキる飲み会幹事を演出せよ！ソフトドリンク以外で！お酒を飲まずに飲み会をやり過ごせる方法5,,,False
シュラスコ＆ビアレストランALEGRIA tachikawa アレグリア立川,050-5488-7162,,東京都,立川市,柴崎町3-1-7,,https://gfhp707.gorp.jp/,False
居酒屋　個室×時間無制限　食べ飲み放題かなで　天王寺店,050-5488-2050,,大阪府,大阪市,阿倍野区阿倍野筋1-5-31,,https://kdvv509.gorp.jp/,False
【完全個室】2500円 ピザ×パスタバイキング Festa 大宮店,050-5484-9781,,埼玉県,さいたま市,大宮区大門町1-2,,https://gezw908.gorp.jp/,False
八海山公認 個室居酒屋 越後酒房 東京駅八重洲店,050-5485-8337,,東京都,中央区,八重洲1-4-10,,https://e295811.gorp.jp/,False
焼鳥・串カツ・肉寿司食べ放題個室居酒屋 あたぼうや 難波店,050-5489-1884,,大阪府,大阪市,中央区難波1-7-16,,https://kehg300.gorp.jp/,False
個室ダイニング 楽蔵‐RAKUZO‐上野駅前店,050-2018-8924,,東京都,台東区,上野4-10-5,,http://rakuzo.dkdining.com/ueno-ekimae/,False
屋根裏お台所 隠れ家 とと炉 溝の口店,050-5484-1624,,神奈川県,川崎市,高津区溝口1-15-8,,https://totoromizo.gorp.jp/,False
個室×創作串揚げ 富士屋豊田市駅前店,050-5487-8205,,愛知県,豊田市,若宮町1-57-1,,https://n203213.gorp.jp/,False
三陸海鮮 個室居酒屋海男～しーまん～,050-5494-1343,,宮城県,仙台市,青葉区国分町2-5-11,,https://ta38300.gorp.jp/,False
【完全個室完備】牛タン 炭焼き酒場 いけたん池袋店,050-5487-7813,,東京都,豊島区,東池袋1-40-7,,https://gj5d600.gorp.jp/,False
クーポン,050-5488-1823,,東京都,大田区,西蒲田7-5-6,,https://gj3d604.gorp.jp/,False
完全個室完備 本格和食居酒屋龍の屋 秋葉原店,050-5486-9596,,東京都,千代田区,神田佐久間町1-15,,https://gh8e412.gorp.jp/,False
シュラスコ＆ビアレストラン ALEGRIA 中之島店,050-5489-3603,,大阪府,大阪市,北区中之島3-2-4,,https://kejh300.gorp.jp/,False
お肉と活魚 個室居酒屋海航～ウミワタル～ 川西駅前店,050-5488-6779,,兵庫県,川西市,栄根2-1-1,,https://kdbm706.gorp.jp/,False
完全個室 天ぷら 海鮮 焼き鳥 おでん 天串 浜松駅前店,050-5489-2905,,静岡県,浜松市,中央区旭町10-8,,https://n169669.gorp.jp/,False
天ぷら 海鮮 個室居酒屋 天海 刈谷駅前店,050-5494-6897,,愛知県,刈谷市,相生町2-10-5,,https://n169666.gorp.jp/,False
炭火焼きと四季旬菜 粋 川崎駅前店,050-5487-4112,,神奈川県,川崎市,川崎区駅前本町2-1,,https://torimusashi-kawasaki.gorp.jp/,False
虎ノ門 ビストロBBQ アジアナ,050-5213-7832,,東京都,港区,虎ノ門1-14-1,,https://gj5m701.gorp.jp/,False
中華料理 又来軒 ゆうらいけん 岡山駅前店,050-5485-3774,,広島県,府中市,・福山市の中華料理店に、調理師として勤務。平成2,,https://yuraiokayama.gorp.jp/,False
